<?xml version="1.0" encoding="utf-8"?>
<manifest identifier="_627vQ1wxhgR_course_id" version="1.0" xmlns="http://www.imsproject.org/xsd/imscp_rootv1p1p2" xmlns:adlcp="http://www.adlnet.org/xsd/adlcp_rootv1p2" xmlns:xsi="http://www.w3.org/2001/XMLSchema-instance" xsi:schemaLocation="http://www.imsproject.org/xsd/imscp_rootv1p1p2 imscp_rootv1p1p2.xsd http://www.imsglobal.org/xsd/imsmd_rootv1p2p1 imsmd_rootv1p2p1.xsd http://www.adlnet.org/xsd/adlcp_rootv1p2 adlcp_rootv1p2.xsd">
  <metadata>
    <schema>ADL SCORM</schema>
    <schemaversion>1.2</schemaversion>
    <lom xmlns="http://www.imsglobal.org/xsd/imsmd_rootv1p2p1" xmlns:xsi="http://www.w3.org/2001/XMLSchema-instance" xsi:schemaLocation="http://www.imsglobal.org/xsd/imsmd_rootv1p2p1 imsmd_rootv1p2p1.xsd">
      <general>
        <title>
          <langstring xml:lang="x-none">RTO - Scenario03_170601_0926</langstring>
        </title>
      </general>
      <lifecycle>
        <version>
          <langstring xml:lang="x-none">1</langstring>
        </version>
        <status>
          <source>
            <langstring xml:lang="x-none">LOMv1.0</langstring>
          </source>
          <value>
            <langstring xml:lang="x-none">Final</langstring>
          </value>
        </status>
      </lifecycle>
      <metametadata>
        <metadatascheme>ADL SCORM 1.2</metadatascheme>
      </metametadata>
      <educational>
        <typicallearningtime>
          <datetime>PT0H0M0S</datetime>
        </typicallearningtime>
      </educational>
      <rights>
        <cost>
          <source>
            <langstring xml:lang="x-none">LOMv1.0</langstring>
          </source>
          <value>
            <langstring xml:lang="x-none">yes</langstring>
          </value>
        </cost>
        <copyrightandotherrestrictions>
          <source>
            <langstring xml:lang="x-none">LOMv1.0</langstring>
          </source>
          <value>
            <langstring xml:lang="x-none">yes</langstring>
          </value>
        </copyrightandotherrestrictions>
      </rights>
    </lom>
  </metadata>
  <organizations default="RTO_-_Scenario03_170601_0926_ORG">
    <organization identifier="RTO_-_Scenario03_170601_0926_ORG">
      <title>RTO - Scenario03_170601_0926</title>
      <item identifier="RTO_-_Scenario01_170518_1030_SCO" isvisible="true" identifierref="__627vQ1wxhgR_course_id_RES">
        <title>RTO - Scenario03_170601_0926</title>
      </item>
    </organization>
  </organizations>
  <resources>
    <resource identifier="__627vQ1wxhgR_course_id_RES" type="webcontent" href="index_lms.html" adlcp:scormtype="sco">
      <file href="story_content/thumbnail.jpg" />
      <file href="story_content/5ytHs0Y0bJ0_DX1116_DY1116.swf" />
      <file href="mobile/5ytHs0Y0bJ0_DX1116_DY1116_CX558_CY268.png" />
      <file href="story_content/6mhsiFe9xsy_X_DX708_DY708.swf" />
      <file href="mobile/6mhsiFe9xsy_X_DX708_DY708_CX354_CY56.png" />
      <file href="story_content/6myvcOM1BUB_DX1020_DY1020.swf" />
      <file href="mobile/6myvcOM1BUB_DX1020_DY1020_CX510_CY274.png" />
      <file href="story_content/6mhsiFe9xsy_X_DX768_DY768.swf" />
      <file href="mobile/6mhsiFe9xsy_X_DX768_DY768_CX384_CY56.png" />
      <file href="story_content/5rTaEXTt3o6_DX1136_DY1136.swf" />
      <file href="mobile/5rTaEXTt3o6_DX1136_DY1136_CX475_CY568.png" />
      <file href="story_content/6mhsiFe9xsy_DX730_DY730.swf" />
      <file href="mobile/6mhsiFe9xsy_DX730_DY730_CX365_CY56.png" />
      <file href="story_content/5w3W8YioZ5u_DX690_DY690.swf" />
      <file href="mobile/5w3W8YioZ5u_DX690_DY690_CX272_CY345.png" />
      <file href="story_content/5teFrqG4teV_DX1620_DY1620.swf" />
      <file href="mobile/5teFrqG4teV_DX1620_DY1620_CX810_CY550.png" />
      <file href="story_content/5tafkUu06FD_DX1100_DY1100.swf" />
      <file href="mobile/5tafkUu06FD_DX1100_DY1100_CX426_CY550.png" />
      <file href="story_content/63zOPBSTVpX_DX732_DY732.swf" />
      <file href="mobile/63zOPBSTVpX_DX732_DY732_CX369_CY91.png" />
      <file href="story_content/6f7UdyUPH2v_DX604_DY604.swf" />
      <file href="mobile/6f7UdyUPH2v_DX604_DY604_CX302_CY146.png" />
      <file href="story_content/6bWfYU5cOrj_X_DX1100_DY1100.swf" />
      <file href="mobile/6bWfYU5cOrj_X_DX1100_DY1100_CX426_CY550.png" />
      <file href="story_content/5yypaSeMxnu_DX310_DY310.swf" />
      <file href="mobile/5yypaSeMxnu_DX310_DY310_CX155_CY55.png" />
      <file href="story_content/5fWfgLPSgrZ_DX374_DY374.swf" />
      <file href="mobile/5fWfgLPSgrZ_DX374_DY374_CX187_CY101.png" />
      <file href="story_content/6ONww4QysQO_DX374_DY374.swf" />
      <file href="mobile/6ONww4QysQO_DX374_DY374_CX187_CY101.png" />
      <file href="story_content/6MF76yF1Iav_DX1100_DY1100.swf" />
      <file href="mobile/6MF76yF1Iav_DX1100_DY1100_CX542_CY550.png" />
      <file href="story_content/6HdBMEznGmG_DX1230_DY1230.swf" />
      <file href="mobile/6HdBMEznGmG_DX1230_DY1230_CX905_CY918.png" />
      <file href="story_content/6W6mzeqbEMz_DX1232_DY1232.swf" />
      <file href="mobile/6W6mzeqbEMz_DX1232_DY1232_CX616_CY600.png" />
      <file href="story_content/6lhJoB6BfRE_P_85_0_386_550_DX1100_DY1100.swf" />
      <file href="mobile/6lhJoB6BfRE_P_85_0_386_550_DX1100_DY1100_CX386_CY550.png" />
      <file href="story_content/6Y6lhf7i5Hb_DX1112_DY1112.swf" />
      <file href="mobile/6Y6lhf7i5Hb_DX1112_DY1112_CX556_CY175.png" />
      <file href="story_content/66ur2t6YeH8_DX1112_DY1112.swf" />
      <file href="mobile/66ur2t6YeH8_DX1112_DY1112_CX556_CY175.png" />
      <file href="story_content/5fhM8R350ud_DX1112_DY1112.swf" />
      <file href="mobile/5fhM8R350ud_DX1112_DY1112_CX556_CY175.png" />
      <file href="story_content/5UfeTVcJl8g_DX1112_DY1112.swf" />
      <file href="mobile/5UfeTVcJl8g_DX1112_DY1112_CX556_CY175.png" />
      <file href="story_content/692qgQ1LMCr_DX1112_DY1112.swf" />
      <file href="mobile/692qgQ1LMCr_DX1112_DY1112_CX556_CY175.png" />
      <file href="story_content/5tYd9VOXmTb_DX1112_DY1112.swf" />
      <file href="mobile/5tYd9VOXmTb_DX1112_DY1112_CX556_CY175.png" />
      <file href="story_content/6gomvBIYsXL_DX752_DY752.swf" />
      <file href="mobile/6gomvBIYsXL_DX752_DY752_CX344_CY438.png" />
      <file href="story_content/5vWNWvmHdi8_DX1100_DY1100.swf" />
      <file href="mobile/5vWNWvmHdi8_DX1100_DY1100_CX471_CY550.png" />
      <file href="story_content/5mASAIagdyP_DX1100_DY1100.swf" />
      <file href="mobile/5mASAIagdyP_DX1100_DY1100_CX471_CY550.png" />
      <file href="story_content/5UmXhD4b6eF_DX1100_DY1100.swf" />
      <file href="mobile/5UmXhD4b6eF_DX1100_DY1100_CX471_CY550.png" />
      <file href="story_content/6ixgBH4iTHo_DX1920_DY1920.jpg" />
      <file href="mobile/6ixgBH4iTHo_DX1920_DY1920_CX960_CY600.jpg" />
      <file href="story_content/6dnvxZxe5Hp_DX796_DY796.swf" />
      <file href="mobile/6dnvxZxe5Hp_DX796_DY796_CX398_CY27.png" />
      <file href="story_content/6J0n2r99YdM_DX1108_DY1108.swf" />
      <file href="mobile/6J0n2r99YdM_DX1108_DY1108_CX557_CY551.png" />
      <file href="story_content/604LhBtnoy9_P_0_0_424_24_DX854_DY854.swf" />
      <file href="mobile/604LhBtnoy9_P_0_0_424_24_DX854_DY854_CX424_CY24.png" />
      <file href="story_content/6GY8rXZt0Dx_DX1200_DY1200.swf" />
      <file href="mobile/6GY8rXZt0Dx_DX1200_DY1200_CX230_CY600.png" />
      <file href="story_content/6gmIIGCnGXM_DX1836_DY1836.swf" />
      <file href="mobile/6gmIIGCnGXM_DX1836_DY1836_CX918_CY66.png" />
      <file href="story_content/Slide6OBSgRseRSw.swf" />
      <file href="story_content/5q1IEiUV3hA_DX926_DY926.swf" />
      <file href="mobile/5q1IEiUV3hA_DX926_DY926_CX463_CY227.png" />
      <file href="story_content/604LhBtnoy9_P_48_-3_43_27_DX854_DY854.swf" />
      <file href="mobile/604LhBtnoy9_P_48_-3_43_27_DX854_DY854_CX43_CY28.png" />
      <file href="story_content/604LhBtnoy9_P_0_0_102_26_DX854_DY854.swf" />
      <file href="mobile/604LhBtnoy9_P_0_0_102_26_DX854_DY854_CX102_CY27.png" />
      <file href="story_content/6lrzy3m7oXo_DX838_DY838.swf" />
      <file href="mobile/6lrzy3m7oXo_DX838_DY838_CX419_CY150.png" />
      <file href="story_content/6Wat7WpYzar_DX150_DY150.swf" />
      <file href="mobile/6Wat7WpYzar_DX150_DY150_CX66_CY75.png" />
      <file href="story_content/5yypaSeMxnu_DX68_DY68.swf" />
      <file href="mobile/5yypaSeMxnu_DX68_DY68_CX34_CY34.png" />
      <file href="story_content/6m48Ikv4YqV_DX938_DY938.swf" />
      <file href="mobile/6m48Ikv4YqV_DX938_DY938_CX469_CY175.png" />
      <file href="story_content/6DgembIpd7O_DX1030_DY1030.swf" />
      <file href="mobile/6DgembIpd7O_DX1030_DY1030_CX515_CY175.png" />
      <file href="meta.xml" />
      <file href="story_content/FontFactory.swf" />
      <file href="story_content/fonts.swf" />
      <file href="story_content/frame.xml" />
      <file href="story_content/frame.json" />
      <file href="story_content/user.js" />
      <file href="mobile/Slide6OBSgRseRSw.jpg" />
      <file href="story.swf" />
      <file href="story_content/frame.swf" />
      <file href="story_content/slides/5us08SBKju6.swf" />
      <file href="story_content/slides/6WKMNENCCnf.swf" />
      <file href="story_content/slides/5g6aW0y7btk.swf" />
      <file href="story_content/slides/63565WdeJ3e.swf" />
      <file href="story_content/slides/5rZjjn4YsUj.swf" />
      <file href="story_content/slides/60DHbQrgfqW.swf" />
      <file href="story_content/slides/5bBzTF2qZ51.swf" />
      <file href="story_content/slides/6Iv0Jx9V7qn.swf" />
      <file href="story_content/slides/6ErgZxvbAgL.swf" />
      <file href="story_content/slides/6p8eT8niBsJ.swf" />
      <file href="story_content/slides/60I8pjgbuo4.swf" />
      <file href="story_content/data.swf" />
      <file href="html5/data/css/output.min.css" />
      <file href="html5/data/js/5bBzTF2qZ51.js" />
      <file href="html5/data/js/5g6aW0y7btk.js" />
      <file href="html5/data/js/5rZjjn4YsUj.js" />
      <file href="html5/data/js/5us08SBKju6.js" />
      <file href="html5/data/js/60DHbQrgfqW.js" />
      <file href="html5/data/js/60I8pjgbuo4.js" />
      <file href="html5/data/js/63565WdeJ3e.js" />
      <file href="html5/data/js/6ErgZxvbAgL.js" />
      <file href="html5/data/js/6Iv0Jx9V7qn.js" />
      <file href="html5/data/js/6p8eT8niBsJ.js" />
      <file href="html5/data/js/6WKMNENCCnf.js" />
      <file href="html5/data/js/data.js" />
      <file href="html5/data/js/frame.js" />
      <file href="html5/data/js/paths.js" />
      <file href="html5/lib/scripts/app.min.js" />
      <file href="html5/lib/stylesheets/main.min.css" />
      <file href="html5/lib/stylesheets/mobile-fonts/open-sans-bold.woff" />
      <file href="html5/lib/stylesheets/mobile-fonts/open-sans-light.woff" />
      <file href="html5/lib/stylesheets/mobile-fonts/open-sans-regular.woff" />
      <file href="story.html" />
      <file href="story_flash.html" />
      <file href="story_html5.html" />
      <file href="story_content/blank.html" />
      <file href="story_content/story.js" />
      <file href="index_lms.html" />
      <file href="index_lms_html5.html" />
      <file href="index_lms_flash.html" />
      <file href="lms/AICCComm.html" />
      <file href="lms/AICCFunctions.js" />
      <file href="lms/API.js" />
      <file href="lms/APIConstants.js" />
      <file href="lms/blank.html" />
      <file href="lms/browsersniff.js" />
      <file href="lms/Configuration.js" />
      <file href="lms/goodbye.html" />
      <file href="lms/lms.js" />
      <file href="lms/LMSAPI.js" />
      <file href="lms/NONEFunctions.js" />
      <file href="lms/SCORM2004Functions.js" />
      <file href="lms/SCORMFunctions.js" />
      <file href="lms/UtilityFunctions.js" />
    </resource>
  </resources>
</manifest>